Run,Assay Type,AvgSpotLen,Bases,BioProject,BioSample,BioSampleModel,bottle_id,Bytes,Center Name,Collection_date,Consent,cruise_id,DATASTORE filetype,DATASTORE provider,DATASTORE region,Depth,env_biome,env_feature,env_material,Experiment,geo_loc_name_country,geo_loc_name_country_continent,geo_loc_name,Instrument,isolation-source,lat_lon,Library Name,LibraryLayout,LibrarySelection,LibrarySource,Organism,Platform,ReleaseDate,Sample Name,SRA Study
SRR6507277,WGS,300,16133582100,PRJNA385855,SAMN08390922,"MIMS.me,MIGS/MIMS/MIMARKS.water",2140200308,6618578156,MIT,2009-08-19,public,HOT214,"fastq,sra","gs,ncbi,s3","gs.US,ncbi.public,s3.us-east-1",5m,ocean biome,ocean,water,SRX3595722,uncalculated,uncalculated,"Pacific Ocean: North Pacific Subtropical Gyre\, Station ALOHA",NextSeq 550,"sample S0627\, cruise HOT214\, 5 m depth",22.75 N 158 W,S0627,PAIRED,RANDOM,METAGENOMIC,marine metagenome,ILLUMINA,2018-05-01T00:00:00Z,S0627,SRP109831
SRR6507278,WGS,300,15874959000,PRJNA385855,SAMN08390923,"MIMS.me,MIGS/MIMS/MIMARKS.water",2160200304,6562862443,MIT,2009-11-04,public,HOT216,"fastq,sra","gs,ncbi,s3","gs.US,ncbi.public,s3.us-east-1",100m,ocean biome,ocean,water,SRX3595721,uncalculated,uncalculated,"Pacific Ocean: North Pacific Subtropical Gyre\, Station ALOHA",NextSeq 550,"sample S0628\, cruise HOT216\, 100 m depth",22.75 N 158 W,S0628,PAIRED,RANDOM,METAGENOMIC,marine metagenome,ILLUMINA,2018-05-01T00:00:00Z,S0628,SRP109831
SRR6507279,WGS,300,15069825300,PRJNA385855,SAMN08390924,"MIMS.me,MIGS/MIMS/MIMARKS.water",1024800503,6265839401,MIT,2009-07-14,public,BATS248,"fastq,sra","gs,ncbi,s3","gs.US,ncbi.public,s3.us-east-1",10m,ocean biome,ocean,water,SRX3595720,uncalculated,uncalculated,"Atlantic Ocean: Sargasso Sea\, BATS",NextSeq 550,"sample S0629\, cruise BATS248\, 10 m depth",31.66 N 64.16 W,S0629,PAIRED,RANDOM,METAGENOMIC,marine metagenome,ILLUMINA,2018-05-01T00:00:00Z,S0629,SRP109831
SRR6507280,WGS,300,25807308000,PRJNA385855,SAMN08390925,"MIMS.me,MIGS/MIMS/MIMARKS.water",1025200510,10523504402,MIT,2009-11-07,public,BATS252,"fastq,sra","gs,ncbi,s3","gs.US,ncbi.public,s3.us-east-1",100m,ocean biome,ocean,water,SRX3595719,uncalculated,uncalculated,"Atlantic Ocean: Sargasso Sea\, BATS",NextSeq 550,"sample S0630\, cruise BATS252\, 100 m depth",31.66 N 64.16 W,S0630,PAIRED,RANDOM,METAGENOMIC,marine metagenome,ILLUMINA,2018-05-01T00:00:00Z,S0630,SRP109831
SRR5720219,WGS,300,6713331000,PRJNA385855,SAMN07137016,"MIMS.me,MIGS/MIMS/MIMARKS.water",1640201117,2811014041,MIT,2004-10-10,public,HOT164,"fastq,sra","gs,ncbi,s3","gs.US,ncbi.public,s3.us-east-1",5m,ocean biome,ocean,water,SRX2937335,uncalculated,uncalculated,"Pacific Ocean: North Pacific Subtropical Gyre\, Station ALOHA",NextSeq 550,"sample S0519\, cruise HOT164\, 5 m depth",22.75 N 158 W,S0519,PAIRED,RANDOM,METAGENOMIC,marine metagenome,ILLUMINA,2018-05-01T00:00:00Z,S0519,SRP109831
SRR5720221,WGS,300,7537681200,PRJNA385855,SAMN07137012,"MIMS.me,MIGS/MIMS/MIMARKS.water",1620200404,3310571476,MIT,2004-08-15,public,HOT162,"fastq,sra","gs,ncbi,s3","gs.US,ncbi.public,s3.us-east-1",175m,ocean biome,ocean,water,SRX2937333,uncalculated,uncalculated,"Pacific Ocean: North Pacific Subtropical Gyre\, Station ALOHA",NextSeq 550,"sample S0515\, cruise HOT162\, 175 m depth",22.75 N 158 W,S0515,PAIRED,RANDOM,METAGENOMIC,marine metagenome,ILLUMINA,2018-05-01T00:00:00Z,S0515,SRP109831
SRR5720223,WGS,300,8756653500,PRJNA385855,SAMN07137014,"MIMS.me,MIGS/MIMS/MIMARKS.water",1630200407,3672709685,MIT,2004-09-28,public,HOT163,"fastq,sra","gs,ncbi,s3","gs.US,ncbi.public,s3.us-east-1",115m,ocean biome,ocean,water,SRX2937331,uncalculated,uncalculated,"Pacific Ocean: North Pacific Subtropical Gyre\, Station ALOHA",NextSeq 550,"sample S0517\, cruise HOT163\, 115 m depth",22.75 N 158 W,S0517,PAIRED,RANDOM,METAGENOMIC,marine metagenome,ILLUMINA,2018-05-01T00:00:00Z,S0517,SRP109831
SRR5720224,WGS,300,5851127700,PRJNA385855,SAMN07137015,"MIMS.me,MIGS/MIMS/MIMARKS.water",1630200404,2463882501,MIT,2004-09-28,public,HOT163,"fastq,sra","gs,ncbi,s3","gs.US,ncbi.public,s3.us-east-1",175m,ocean biome,ocean,water,SRX2937330,uncalculated,uncalculated,"Pacific Ocean: North Pacific Subtropical Gyre\, Station ALOHA",NextSeq 550,"sample S0518\, cruise HOT163\, 175 m depth",22.75 N 158 W,S0518,PAIRED,RANDOM,METAGENOMIC,marine metagenome,ILLUMINA,2018-05-01T00:00:00Z,S0518,SRP109831
SRR5720226,WGS,300,9359738700,PRJNA385855,SAMN07137009,"MIMS.me,MIGS/MIMS/MIMARKS.water",1600200404,4160167921,MIT,2004-06-15,public,HOT160,"fastq,sra","gs,ncbi,s3","gs.US,ncbi.public,s3.us-east-1",175m,ocean biome,ocean,water,SRX2937328,uncalculated,uncalculated,"Pacific Ocean: North Pacific Subtropical Gyre\, Station ALOHA",NextSeq 550,"sample S0512\, cruise HOT160\, 175 m depth",22.75 N 158 W,S0512,PAIRED,RANDOM,METAGENOMIC,marine metagenome,ILLUMINA,2018-05-01T00:00:00Z,S0512,SRP109831
SRR5720228,WGS,300,9453756300,PRJNA385855,SAMN07137011,"MIMS.me,MIGS/MIMS/MIMARKS.water",1620200408,3881176881,MIT,2004-08-15,public,HOT162,"fastq,sra","gs,ncbi,s3","gs.US,ncbi.public,s3.us-east-1",100m,ocean biome,ocean,water,SRX2937326,uncalculated,uncalculated,"Pacific Ocean: North Pacific Subtropical Gyre\, Station ALOHA",NextSeq 550,"sample S0514\, cruise HOT162\, 100 m depth",22.75 N 158 W,S0514,PAIRED,RANDOM,METAGENOMIC,marine metagenome,ILLUMINA,2018-05-01T00:00:00Z,S0514,SRP109831
SRR5720230,WGS,300,10164203700,PRJNA385855,SAMN07137086,"MIMS.me,MIGS/MIMS/MIMARKS.water",1017800414,4481233218,MIT,2003-07-15,public,BATS178,"fastq,sra","gs,ncbi,s3","gs.US,ncbi.public,s3.us-east-1",120m,ocean biome,ocean,water,SRX2937324,uncalculated,uncalculated,"Atlantic Ocean: Sargasso Sea\, BATS",NextSeq 550,"sample S0589\, cruise BATS178\, 120 m depth",31.66 N 64.16 W,S0589,PAIRED,RANDOM,METAGENOMIC,marine metagenome,ILLUMINA,2018-05-01T00:00:00Z,S0589,SRP109831
SRR5720232,WGS,300,8356783800,PRJNA385855,SAMN07137080,"MIMS.me,MIGS/MIMS/MIMARKS.water",1017300310,3475764607,MIT,2003-02-21,public,BATS173,"fastq,sra","gs,ncbi,s3","gs.US,ncbi.public,s3.us-east-1",40m,ocean biome,ocean,water,SRX2937322,uncalculated,uncalculated,"Atlantic Ocean: Sargasso Sea\, BATS",NextSeq 550,"sample S0583\, cruise BATS173\, 40 m depth",31.66 N 64.16 W,S0583,PAIRED,RANDOM,METAGENOMIC,marine metagenome,ILLUMINA,2018-05-01T00:00:00Z,S0583,SRP109831
SRR5720234,WGS,300,7996368900,PRJNA385855,SAMN07137078,"MIMS.me,MIGS/MIMS/MIMARKS.water",1019500411,3545915953,MIT,2004-12-08,public,BATS195,"fastq,sra","gs,ncbi,s3","gs.US,ncbi.public,s3.us-east-1",180m,ocean biome,ocean,water,SRX2937320,uncalculated,uncalculated,"Atlantic Ocean: Sargasso Sea\, BATS",NextSeq 550,"sample S0581\, cruise BATS195\, 180 m depth",31.66 N 64.16 W,S0581,PAIRED,RANDOM,METAGENOMIC,marine metagenome,ILLUMINA,2018-05-01T00:00:00Z,S0581,SRP109831
SRR5720236,WGS,300,12033857100,PRJNA385855,SAMN07137084,"MIMS.me,MIGS/MIMS/MIMARKS.water",1017400421,5287962629,MIT,2003-03-22,public,BATS174,"fastq,sra","gs,ncbi,s3","gs.US,ncbi.public,s3.us-east-1",180m,ocean biome,ocean,water,SRX2937318,uncalculated,uncalculated,"Atlantic Ocean: Sargasso Sea\, BATS",NextSeq 550,"sample S0587\, cruise BATS174\, 180 m depth",31.66 N 64.16 W,S0587,PAIRED,RANDOM,METAGENOMIC,marine metagenome,ILLUMINA,2018-05-01T00:00:00Z,S0587,SRP109831
SRR5720238,WGS,300,7829334000,PRJNA385855,SAMN07137082,"MIMS.me,MIGS/MIMS/MIMARKS.water",1017400411,3501251527,MIT,2003-03-22,public,BATS174,"fastq,sra","gs,ncbi,s3","gs.US,ncbi.public,s3.us-east-1",1m,ocean biome,ocean,water,SRX2937316,uncalculated,uncalculated,"Atlantic Ocean: Sargasso Sea\, BATS",NextSeq 550,"sample S0585\, cruise BATS174\, 1 m depth",31.66 N 64.16 W,S0585,PAIRED,RANDOM,METAGENOMIC,marine metagenome,ILLUMINA,2018-05-01T00:00:00Z,S0585,SRP109831
SRR5720240,WGS,300,7857352200,PRJNA385855,SAMN07137026,"MIMS.me,MIGS/MIMS/MIMARKS.water",1440200906,3414922312,MIT,2003-01-17,public,HOT144,"fastq,sra","gs,ncbi,s3","gs.US,ncbi.public,s3.us-east-1",125m,ocean biome,ocean,water,SRX2937314,uncalculated,uncalculated,"Pacific Ocean: North Pacific Subtropical Gyre\, Station ALOHA",NextSeq 550,"sample S0529\, cruise HOT144\, 125 m depth",22.75 N 158 W,S0529,PAIRED,RANDOM,METAGENOMIC,marine metagenome,ILLUMINA,2018-05-01T00:00:00Z,S0529,SRP109831
SRR5720242,WGS,300,7653857100,PRJNA385855,SAMN07137018,"MIMS.me,MIGS/MIMS/MIMARKS.water",1640201104,3323280539,MIT,2004-10-10,public,HOT164,"fastq,sra","gs,ncbi,s3","gs.US,ncbi.public,s3.us-east-1",175m,ocean biome,ocean,water,SRX2937312,uncalculated,uncalculated,"Pacific Ocean: North Pacific Subtropical Gyre\, Station ALOHA",NextSeq 550,"sample S0521\, cruise HOT164\, 175 m depth",22.75 N 158 W,S0521,PAIRED,RANDOM,METAGENOMIC,marine metagenome,ILLUMINA,2018-05-01T00:00:00Z,S0521,SRP109831
SRR5720244,WGS,300,11704061100,PRJNA385855,SAMN07137020,"MIMS.me,MIGS/MIMS/MIMARKS.water",1650200409,5008518174,MIT,2004-11-10,public,HOT165,"fastq,sra","gs,ncbi,s3","gs.US,ncbi.public,s3.us-east-1",100m,ocean biome,ocean,water,SRX2937310,uncalculated,uncalculated,"Pacific Ocean: North Pacific Subtropical Gyre\, Station ALOHA",NextSeq 550,"sample S0523\, cruise HOT165\, 100 m depth",22.75 N 158 W,S0523,PAIRED,RANDOM,METAGENOMIC,marine metagenome,ILLUMINA,2018-05-01T00:00:00Z,S0523,SRP109831
SRR5720246,WGS,300,10040508600,PRJNA385855,SAMN07137022,"MIMS.me,MIGS/MIMS/MIMARKS.water",1660200514,4343406220,MIT,2004-12-14,public,HOT166,"fastq,sra","gs,ncbi,s3","gs.US,ncbi.public,s3.us-east-1",5m,ocean biome,ocean,water,SRX2937308,uncalculated,uncalculated,"Pacific Ocean: North Pacific Subtropical Gyre\, Station ALOHA",NextSeq 550,"sample S0525\, cruise HOT166\, 5 m depth",22.75 N 158 W,S0525,PAIRED,RANDOM,METAGENOMIC,marine metagenome,ILLUMINA,2018-05-01T00:00:00Z,S0525,SRP109831
SRR5720249,WGS,300,12716826300,PRJNA385855,SAMN07137092,"MIMS.me,MIGS/MIMS/MIMARKS.water",1018700504,5514526765,MIT,2004-04-21,public,BATS187,"fastq,sra","gs,ncbi,s3","gs.US,ncbi.public,s3.us-east-1",40m,ocean biome,ocean,water,SRX2937305,uncalculated,uncalculated,"Atlantic Ocean: Sargasso Sea\, BATS",NextSeq 550,"sample S0595\, cruise BATS187\, 40 m depth",31.66 N 64.16 W,S0595,PAIRED,RANDOM,METAGENOMIC,marine metagenome,ILLUMINA,2018-05-01T00:00:00Z,S0595,SRP109831
SRR5720250,WGS,300,14288779200,PRJNA385855,SAMN07137093,"MIMS.me,MIGS/MIMS/MIMARKS.water",1018700511,6177036144,MIT,2004-04-21,public,BATS187,"fastq,sra","gs,ncbi,s3","gs.US,ncbi.public,s3.us-east-1",180m,ocean biome,ocean,water,SRX2937304,uncalculated,uncalculated,"Atlantic Ocean: Sargasso Sea\, BATS",NextSeq 550,"sample S0596\, cruise BATS187\, 180 m depth",31.66 N 64.16 W,S0596,PAIRED,RANDOM,METAGENOMIC,marine metagenome,ILLUMINA,2018-05-01T00:00:00Z,S0596,SRP109831
SRR5720252,WGS,300,9048975600,PRJNA385855,SAMN07137095,"MIMS.me,MIGS/MIMS/MIMARKS.water",1019200507,4007108282,MIT,2004-09-14,public,BATS192,"fastq,sra","gs,ncbi,s3","gs.US,ncbi.public,s3.us-east-1",100m,ocean biome,ocean,water,SRX2937302,uncalculated,uncalculated,"Atlantic Ocean: Sargasso Sea\, BATS",NextSeq 550,"sample S0598\, cruise BATS192\, 100 m depth",31.66 N 64.16 W,S0598,PAIRED,RANDOM,METAGENOMIC,marine metagenome,ILLUMINA,2018-05-01T00:00:00Z,S0598,SRP109831
SRR5720256,WGS,300,10733380500,PRJNA385855,SAMN07137091,"MIMS.me,MIGS/MIMS/MIMARKS.water",1018700501,4714233707,MIT,2004-04-21,public,BATS187,"fastq,sra","gs,ncbi,s3","gs.US,ncbi.public,s3.us-east-1",1m,ocean biome,ocean,water,SRX2937298,uncalculated,uncalculated,"Atlantic Ocean: Sargasso Sea\, BATS",NextSeq 550,"sample S0594\, cruise BATS187\, 1 m depth",31.66 N 64.16 W,S0594,PAIRED,RANDOM,METAGENOMIC,marine metagenome,ILLUMINA,2018-05-01T00:00:00Z,S0594,SRP109831
SRR5720258,WGS,300,6448776000,PRJNA385855,SAMN07137113,"MIMS.me,MIGS/MIMS/MIMARKS.water",1018800509,2677175606,MIT,2004-05-18,public,BATS188,"fastq,sra","gs,ncbi,s3","gs.US,ncbi.public,s3.us-east-1",80m,ocean biome,ocean,water,SRX2937296,uncalculated,uncalculated,"Atlantic Ocean: Sargasso Sea\, BATS",NextSeq 550,"sample S0616\, cruise BATS188\, 80 m depth",31.66 N 64.16 W,S0616,PAIRED,RANDOM,METAGENOMIC,marine metagenome,ILLUMINA,2018-05-01T00:00:00Z,S0616,SRP109831
SRR5720261,WGS,300,8746195800,PRJNA385855,SAMN07137108,"MIMS.me,MIGS/MIMS/MIMARKS.water",1018200411,4012897941,MIT,2003-11-04,public,BATS182,"fastq,sra","gs,ncbi,s3","gs.US,ncbi.public,s3.us-east-1",180m,ocean biome,ocean,water,SRX2937293,uncalculated,uncalculated,"Atlantic Ocean: Sargasso Sea\, BATS",NextSeq 550,"sample S0611\, cruise BATS182\, 180 m depth",31.66 N 64.16 W,S0611,PAIRED,RANDOM,METAGENOMIC,marine metagenome,ILLUMINA,2018-05-01T00:00:00Z,S0611,SRP109831
SRR5720263,WGS,300,9415535700,PRJNA385855,SAMN07137110,"MIMS.me,MIGS/MIMS/MIMARKS.water",1018300410,4305997380,MIT,2003-12-02,public,BATS183,"fastq,sra","gs,ncbi,s3","gs.US,ncbi.public,s3.us-east-1",100m,ocean biome,ocean,water,SRX2937291,uncalculated,uncalculated,"Atlantic Ocean: Sargasso Sea\, BATS",NextSeq 550,"sample S0613\, cruise BATS183\, 100 m depth",31.66 N 64.16 W,S0613,PAIRED,RANDOM,METAGENOMIC,marine metagenome,ILLUMINA,2018-05-01T00:00:00Z,S0613,SRP109831
SRR5720265,WGS,300,11600840400,PRJNA385855,SAMN07137036,"MIMS.me,MIGS/MIMS/MIMARKS.water",1470200304,4947695100,MIT,2003-04-23,public,HOT147,"fastq,sra","gs,ncbi,s3","gs.US,ncbi.public,s3.us-east-1",175m,ocean biome,ocean,water,SRX2937289,uncalculated,uncalculated,"Pacific Ocean: North Pacific Subtropical Gyre\, Station ALOHA",NextSeq 550,"sample S0539\, cruise HOT147\, 175 m depth",22.75 N 158 W,S0539,PAIRED,RANDOM,METAGENOMIC,marine metagenome,ILLUMINA,2018-05-01T00:00:00Z,S0539,SRP109831
SRR5720266,WGS,300,7140692100,PRJNA385855,SAMN07137037,"MIMS.me,MIGS/MIMS/MIMARKS.water",1480200316,3085105242,MIT,2003-05-20,public,HOT148,"fastq,sra","gs,ncbi,s3","gs.US,ncbi.public,s3.us-east-1",5m,ocean biome,ocean,water,SRX2937288,uncalculated,uncalculated,"Pacific Ocean: North Pacific Subtropical Gyre\, Station ALOHA",NextSeq 550,"sample S0540\, cruise HOT148\, 5 m depth",22.75 N 158 W,S0540,PAIRED,RANDOM,METAGENOMIC,marine metagenome,ILLUMINA,2018-05-01T00:00:00Z,S0540,SRP109831
SRR5720268,WGS,300,5348032200,PRJNA385855,SAMN07137031,"MIMS.me,MIGS/MIMS/MIMARKS.water",1460200314,2300047196,MIT,2003-03-28,public,HOT146,"fastq,sra","gs,ncbi,s3","gs.US,ncbi.public,s3.us-east-1",5m,ocean biome,ocean,water,SRX2937286,uncalculated,uncalculated,"Pacific Ocean: North Pacific Subtropical Gyre\, Station ALOHA",NextSeq 550,"sample S0534\, cruise HOT146\, 5 m depth",22.75 N 158 W,S0534,PAIRED,RANDOM,METAGENOMIC,marine metagenome,ILLUMINA,2018-05-01T00:00:00Z,S0534,SRP109831
SRR5720269,WGS,300,5370753900,PRJNA385855,SAMN07137028,"MIMS.me,MIGS/MIMS/MIMARKS.water",1450200318,2297910662,MIT,2003-02-25,public,HOT145,"fastq,sra","gs,ncbi,s3","gs.US,ncbi.public,s3.us-east-1",5m,ocean biome,ocean,water,SRX2937285,uncalculated,uncalculated,"Pacific Ocean: North Pacific Subtropical Gyre\, Station ALOHA",NextSeq 550,"sample S0531\, cruise HOT145\, 5 m depth",22.75 N 158 W,S0531,PAIRED,RANDOM,METAGENOMIC,marine metagenome,ILLUMINA,2018-05-01T00:00:00Z,S0531,SRP109831
SRR5720271,WGS,300,7594094100,PRJNA385855,SAMN07137034,"MIMS.me,MIGS/MIMS/MIMARKS.water",1470200314,3299833548,MIT,2003-04-23,public,HOT147,"fastq,sra","gs,ncbi,s3","gs.US,ncbi.public,s3.us-east-1",5m,ocean biome,ocean,water,SRX2937283,uncalculated,uncalculated,"Pacific Ocean: North Pacific Subtropical Gyre\, Station ALOHA",NextSeq 550,"sample S0537\, cruise HOT147\, 5 m depth",22.75 N 158 W,S0537,PAIRED,RANDOM,METAGENOMIC,marine metagenome,ILLUMINA,2018-05-01T00:00:00Z,S0537,SRP109831
SRR5720272,WGS,300,9556283400,PRJNA385855,SAMN07137035,"MIMS.me,MIGS/MIMS/MIMARKS.water",1470200306,4124276490,MIT,2003-04-23,public,HOT147,"fastq,sra","gs,ncbi,s3","gs.US,ncbi.public,s3.us-east-1",125m,ocean biome,ocean,water,SRX2937282,uncalculated,uncalculated,"Pacific Ocean: North Pacific Subtropical Gyre\, Station ALOHA",NextSeq 550,"sample S0538\, cruise HOT147\, 125 m depth",22.75 N 158 W,S0538,PAIRED,RANDOM,METAGENOMIC,marine metagenome,ILLUMINA,2018-05-01T00:00:00Z,S0538,SRP109831
SRR5720275,WGS,300,11851794600,PRJNA385855,SAMN07137107,"MIMS.me,MIGS/MIMS/MIMARKS.water",1018200406,5389100234,MIT,2003-11-04,public,BATS182,"fastq,sra","gs,ncbi,s3","gs.US,ncbi.public,s3.us-east-1",80m,ocean biome,ocean,water,SRX2937279,uncalculated,uncalculated,"Atlantic Ocean: Sargasso Sea\, BATS",NextSeq 550,"sample S0610\, cruise BATS182\, 80 m depth",31.66 N 64.16 W,S0610,PAIRED,RANDOM,METAGENOMIC,marine metagenome,ILLUMINA,2018-05-01T00:00:00Z,S0610,SRP109831
SRR5720277,WGS,300,9169775700,PRJNA385855,SAMN07137101,"MIMS.me,MIGS/MIMS/MIMARKS.water",1019400406,4206549140,MIT,2004-11-12,public,BATS194,"fastq,sra","gs,ncbi,s3","gs.US,ncbi.public,s3.us-east-1",80m,ocean biome,ocean,water,SRX2937277,uncalculated,uncalculated,"Atlantic Ocean: Sargasso Sea\, BATS",NextSeq 550,"sample S0604\, cruise BATS194\, 80 m depth",31.66 N 64.16 W,S0604,PAIRED,RANDOM,METAGENOMIC,marine metagenome,ILLUMINA,2018-05-01T00:00:00Z,S0604,SRP109831
SRR5720279,WGS,300,9305466000,PRJNA385855,SAMN07137099,"MIMS.me,MIGS/MIMS/MIMARKS.water",1019300411,4254066868,MIT,2004-10-13,public,BATS193,"fastq,sra","gs,ncbi,s3","gs.US,ncbi.public,s3.us-east-1",180m,ocean biome,ocean,water,SRX2937275,uncalculated,uncalculated,"Atlantic Ocean: Sargasso Sea\, BATS",NextSeq 550,"sample S0602\, cruise BATS193\, 180 m depth",31.66 N 64.16 W,S0602,PAIRED,RANDOM,METAGENOMIC,marine metagenome,ILLUMINA,2018-05-01T00:00:00Z,S0602,SRP109831
SRR5720280,WGS,300,11368524900,PRJNA385855,SAMN07137098,"MIMS.me,MIGS/MIMS/MIMARKS.water",1019300407,5208930936,MIT,2004-10-13,public,BATS193,"fastq,sra","gs,ncbi,s3","gs.US,ncbi.public,s3.us-east-1",100m,ocean biome,ocean,water,SRX2937274,uncalculated,uncalculated,"Atlantic Ocean: Sargasso Sea\, BATS",NextSeq 550,"sample S0601\, cruise BATS193\, 100 m depth",31.66 N 64.16 W,S0601,PAIRED,RANDOM,METAGENOMIC,marine metagenome,ILLUMINA,2018-05-01T00:00:00Z,S0601,SRP109831
SRR5720282,WGS,300,9445574400,PRJNA385855,SAMN07137104,"MIMS.me,MIGS/MIMS/MIMARKS.water",1017600513,4320510655,MIT,2003-05-20,public,BATS176,"fastq,sra","gs,ncbi,s3","gs.US,ncbi.public,s3.us-east-1",100m,ocean biome,ocean,water,SRX2937272,uncalculated,uncalculated,"Atlantic Ocean: Sargasso Sea\, BATS",NextSeq 550,"sample S0607\, cruise BATS176\, 100 m depth",31.66 N 64.16 W,S0607,PAIRED,RANDOM,METAGENOMIC,marine metagenome,ILLUMINA,2018-05-01T00:00:00Z,S0607,SRP109831
SRR5720284,WGS,300,9805810500,PRJNA385855,SAMN07137102,"MIMS.me,MIGS/MIMS/MIMARKS.water",1019400411,4513869307,MIT,2004-11-12,public,BATS194,"fastq,sra","gs,ncbi,s3","gs.US,ncbi.public,s3.us-east-1",180m,ocean biome,ocean,water,SRX2937270,uncalculated,uncalculated,"Atlantic Ocean: Sargasso Sea\, BATS",NextSeq 550,"sample S0605\, cruise BATS194\, 180 m depth",31.66 N 64.16 W,S0605,PAIRED,RANDOM,METAGENOMIC,marine metagenome,ILLUMINA,2018-05-01T00:00:00Z,S0605,SRP109831
SRR5720286,WGS,300,3819836700,PRJNA385855,SAMN07137088,"MIMS.me,MIGS/MIMS/MIMARKS.water",1017900401,1572527313,MIT,2003-08-12,public,BATS179,"fastq,sra","gs,ncbi,s3","gs.US,ncbi.public,s3.us-east-1",10m,ocean biome,ocean,water,SRX2937268,uncalculated,uncalculated,"Atlantic Ocean: Sargasso Sea\, BATS",NextSeq 550,"sample S0591\, cruise BATS179\, 10 m depth",31.66 N 64.16 W,S0591,PAIRED,RANDOM,METAGENOMIC,marine metagenome,ILLUMINA,2018-05-01T00:00:00Z,S0591,SRP109831
SRR5720288,WGS,300,3645263400,PRJNA385855,SAMN07137046,"MIMS.me,MIGS/MIMS/MIMARKS.water",1510200316,1593019436,MIT,2003-08-20,public,HOT151,"fastq,sra","gs,ncbi,s3","gs.US,ncbi.public,s3.us-east-1",5m,ocean biome,ocean,water,SRX2937266,uncalculated,uncalculated,"Pacific Ocean: North Pacific Subtropical Gyre\, Station ALOHA",NextSeq 550,"sample S0549\, cruise HOT151\, 5 m depth",22.75 N 158 W,S0549,PAIRED,RANDOM,METAGENOMIC,marine metagenome,ILLUMINA,2018-05-01T00:00:00Z,S0549,SRP109831
SRR5720290,WGS,300,11378512200,PRJNA385855,SAMN07137044,"MIMS.me,MIGS/MIMS/MIMARKS.water",1500200306,4931919426,MIT,2003-07-19,public,HOT150,"fastq,sra","gs,ncbi,s3","gs.US,ncbi.public,s3.us-east-1",125m,ocean biome,ocean,water,SRX2937264,uncalculated,uncalculated,"Pacific Ocean: North Pacific Subtropical Gyre\, Station ALOHA",NextSeq 550,"sample S0547\, cruise HOT150\, 125 m depth",22.75 N 158 W,S0547,PAIRED,RANDOM,METAGENOMIC,marine metagenome,ILLUMINA,2018-05-01T00:00:00Z,S0547,SRP109831
SRR5720292,WGS,300,9957387300,PRJNA385855,SAMN07137042,"MIMS.me,MIGS/MIMS/MIMARKS.water",1490200304,4334537071,MIT,2003-06-19,public,HOT149,"fastq,sra","gs,ncbi,s3","gs.US,ncbi.public,s3.us-east-1",175m,ocean biome,ocean,water,SRX2937262,uncalculated,uncalculated,"Pacific Ocean: North Pacific Subtropical Gyre\, Station ALOHA",NextSeq 550,"sample S0545\, cruise HOT149\, 175 m depth",22.75 N 158 W,S0545,PAIRED,RANDOM,METAGENOMIC,marine metagenome,ILLUMINA,2018-05-01T00:00:00Z,S0545,SRP109831
SRR5720294,WGS,300,7706158800,PRJNA385855,SAMN07137040,"MIMS.me,MIGS/MIMS/MIMARKS.water",1490200314,3365658585,MIT,2003-06-19,public,HOT149,"fastq,sra","gs,ncbi,s3","gs.US,ncbi.public,s3.us-east-1",5m,ocean biome,ocean,water,SRX2937260,uncalculated,uncalculated,"Pacific Ocean: North Pacific Subtropical Gyre\, Station ALOHA",NextSeq 550,"sample S0543\, cruise HOT149\, 5 m depth",22.75 N 158 W,S0543,PAIRED,RANDOM,METAGENOMIC,marine metagenome,ILLUMINA,2018-05-01T00:00:00Z,S0543,SRP109831
SRR5720295,WGS,300,4582980900,PRJNA385855,SAMN07137039,"MIMS.me,MIGS/MIMS/MIMARKS.water",1480200304,2003835669,MIT,2003-05-20,public,HOT148,"fastq,sra","gs,ncbi,s3","gs.US,ncbi.public,s3.us-east-1",175m,ocean biome,ocean,water,SRX2937259,uncalculated,uncalculated,"Pacific Ocean: North Pacific Subtropical Gyre\, Station ALOHA",NextSeq 550,"sample S0542\, cruise HOT148\, 175 m depth",22.75 N 158 W,S0542,PAIRED,RANDOM,METAGENOMIC,marine metagenome,ILLUMINA,2018-05-01T00:00:00Z,S0542,SRP109831
SRR5720297,WGS,300,9494746500,PRJNA385855,SAMN07137006,"MIMS.me,MIGS/MIMS/MIMARKS.water",1590200304,3907226032,MIT,2004-05-18,public,HOT159,"fastq,sra","gs,ncbi,s3","gs.US,ncbi.public,s3.us-east-1",175m,ocean biome,ocean,water,SRX2937257,uncalculated,uncalculated,"Pacific Ocean: North Pacific Subtropical Gyre\, Station ALOHA",NextSeq 550,"sample S0509\, cruise HOT159\, 175 m depth",22.75 N 158 W,S0509,PAIRED,RANDOM,METAGENOMIC,marine metagenome,ILLUMINA,2018-05-01T00:00:00Z,S0509,SRP109831
SRR5720299,WGS,300,4000085100,PRJNA385855,SAMN07136998,"MIMS.me,MIGS/MIMS/MIMARKS.water",1560200314,1571813870,MIT,2004-02-24,public,HOT156,"fastq,sra","gs,ncbi,s3","gs.US,ncbi.public,s3.us-east-1",5m,ocean biome,ocean,water,SRX2937255,uncalculated,uncalculated,"Pacific Ocean: North Pacific Subtropical Gyre\, Station ALOHA",NextSeq 550,"sample S0501\, cruise HOT156\, 5 m depth",22.75 N 158 W,S0501,PAIRED,RANDOM,METAGENOMIC,marine metagenome,ILLUMINA,2018-05-01T00:00:00Z,S0501,SRP109831
SRR5720301,WGS,300,3672834300,PRJNA385855,SAMN07137000,"MIMS.me,MIGS/MIMS/MIMARKS.water",1560200304,1431957380,MIT,2004-02-24,public,HOT156,"fastq,sra","gs,ncbi,s3","gs.US,ncbi.public,s3.us-east-1",175m,ocean biome,ocean,water,SRX2937253,uncalculated,uncalculated,"Pacific Ocean: North Pacific Subtropical Gyre\, Station ALOHA",NextSeq 550,"sample S0503\, cruise HOT156\, 175 m depth",22.75 N 158 W,S0503,PAIRED,RANDOM,METAGENOMIC,marine metagenome,ILLUMINA,2018-05-01T00:00:00Z,S0503,SRP109831
SRR5720303,WGS,300,7966296900,PRJNA385855,SAMN07137002,"MIMS.me,MIGS/MIMS/MIMARKS.water",1580200306,3319357752,MIT,2004-04-20,public,HOT158,"fastq,sra","gs,ncbi,s3","gs.US,ncbi.public,s3.us-east-1",125m,ocean biome,ocean,water,SRX2937251,uncalculated,uncalculated,"Pacific Ocean: North Pacific Subtropical Gyre\, Station ALOHA",NextSeq 550,"sample S0505\, cruise HOT158\, 125 m depth",22.75 N 158 W,S0505,PAIRED,RANDOM,METAGENOMIC,marine metagenome,ILLUMINA,2018-05-01T00:00:00Z,S0505,SRP109831
SRR5720305,WGS,300,8436626700,PRJNA385855,SAMN07137004,"MIMS.me,MIGS/MIMS/MIMARKS.water",1590200314,3511451108,MIT,2004-05-18,public,HOT159,"fastq,sra","gs,ncbi,s3","gs.US,ncbi.public,s3.us-east-1",5m,ocean biome,ocean,water,SRX2937249,uncalculated,uncalculated,"Pacific Ocean: North Pacific Subtropical Gyre\, Station ALOHA",NextSeq 550,"sample S0507\, cruise HOT159\, 5 m depth",22.75 N 158 W,S0507,PAIRED,RANDOM,METAGENOMIC,marine metagenome,ILLUMINA,2018-05-01T00:00:00Z,S0507,SRP109831
SRR5720307,WGS,300,5483564400,PRJNA385855,SAMN07137097,"MIMS.me,MIGS/MIMS/MIMARKS.water",1019300401,2398424889,MIT,2004-10-13,public,BATS193,"fastq,sra","gs,ncbi,s3","gs.US,ncbi.public,s3.us-east-1",1m,ocean biome,ocean,water,SRX2937247,uncalculated,uncalculated,"Atlantic Ocean: Sargasso Sea\, BATS",NextSeq 550,"sample S0600\, cruise BATS193\, 1 m depth",31.66 N 64.16 W,S0600,PAIRED,RANDOM,METAGENOMIC,marine metagenome,ILLUMINA,2018-05-01T00:00:00Z,S0600,SRP109831
SRR5720309,WGS,300,6162634500,PRJNA385855,SAMN07137057,"MIMS.me,MIGS/MIMS/MIMARKS.water",1520200304,2663946760,MIT,2003-10-14,public,HOT152,"fastq,sra","gs,ncbi,s3","gs.US,ncbi.public,s3.us-east-1",175m,ocean biome,ocean,water,SRX2937245,uncalculated,uncalculated,"Pacific Ocean: North Pacific Subtropical Gyre\, Station ALOHA",NextSeq 550,"sample S0560\, cruise HOT152\, 175 m depth",22.75 N 158 W,S0560,PAIRED,RANDOM,METAGENOMIC,marine metagenome,ILLUMINA,2018-05-01T00:00:00Z,S0560,SRP109831
SRR5720310,WGS,300,7229672100,PRJNA385855,SAMN07137048,"MIMS.me,MIGS/MIMS/MIMARKS.water",1510200304,3054688950,MIT,2003-08-20,public,HOT151,"fastq,sra","gs,ncbi,s3","gs.US,ncbi.public,s3.us-east-1",175m,ocean biome,ocean,water,SRX2937244,uncalculated,uncalculated,"Pacific Ocean: North Pacific Subtropical Gyre\, Station ALOHA",NextSeq 550,"sample S0551\, cruise HOT151\, 175 m depth",22.75 N 158 W,S0551,PAIRED,RANDOM,METAGENOMIC,marine metagenome,ILLUMINA,2018-05-01T00:00:00Z,S0551,SRP109831
SRR5720312,WGS,300,8867481000,PRJNA385855,SAMN07137050,"MIMS.me,MIGS/MIMS/MIMARKS.water",1530200308,3849549017,MIT,2003-11-09,public,HOT153,"fastq,sra","gs,ncbi,s3","gs.US,ncbi.public,s3.us-east-1",100m,ocean biome,ocean,water,SRX2937242,uncalculated,uncalculated,"Pacific Ocean: North Pacific Subtropical Gyre\, Station ALOHA",NextSeq 550,"sample S0553\, cruise HOT153\, 100 m depth",22.75 N 158 W,S0553,PAIRED,RANDOM,METAGENOMIC,marine metagenome,ILLUMINA,2018-05-01T00:00:00Z,S0553,SRP109831
SRR5720314,WGS,300,4696009500,PRJNA385855,SAMN07137052,"MIMS.me,MIGS/MIMS/MIMARKS.water",1540201018,1961584824,MIT,2003-12-20,public,HOT154,"fastq,sra","gs,ncbi,s3","gs.US,ncbi.public,s3.us-east-1",5m,ocean biome,ocean,water,SRX2937240,uncalculated,uncalculated,"Pacific Ocean: North Pacific Subtropical Gyre\, Station ALOHA",NextSeq 550,"sample S0555\, cruise HOT154\, 5 m depth",22.75 N 158 W,S0555,PAIRED,RANDOM,METAGENOMIC,marine metagenome,ILLUMINA,2018-05-01T00:00:00Z,S0555,SRP109831
SRR5720316,WGS,300,10270795500,PRJNA385855,SAMN07137054,"MIMS.me,MIGS/MIMS/MIMARKS.water",1540201004,4374917548,MIT,2003-12-20,public,HOT154,"fastq,sra","gs,ncbi,s3","gs.US,ncbi.public,s3.us-east-1",175m,ocean biome,ocean,water,SRX2937238,uncalculated,uncalculated,"Pacific Ocean: North Pacific Subtropical Gyre\, Station ALOHA",NextSeq 550,"sample S0557\, cruise HOT154\, 175 m depth",22.75 N 158 W,S0557,PAIRED,RANDOM,METAGENOMIC,marine metagenome,ILLUMINA,2018-05-01T00:00:00Z,S0557,SRP109831
SRR5720317,WGS,300,9044094900,PRJNA385855,SAMN07137055,"MIMS.me,MIGS/MIMS/MIMARKS.water",1520200320,3903061266,MIT,2003-10-14,public,HOT152,"fastq,sra","gs,ncbi,s3","gs.US,ncbi.public,s3.us-east-1",10m,ocean biome,ocean,water,SRX2937237,uncalculated,uncalculated,"Pacific Ocean: North Pacific Subtropical Gyre\, Station ALOHA",NextSeq 550,"sample S0558\, cruise HOT152\, 10 m depth",22.75 N 158 W,S0558,PAIRED,RANDOM,METAGENOMIC,marine metagenome,ILLUMINA,2018-05-01T00:00:00Z,S0558,SRP109831
SRR5720319,WGS,300,10049756700,PRJNA385855,SAMN07137122,"MIMS.me,MIGS/MIMS/MIMARKS.water",1018500504,4209048813,MIT,2004-02-24,public,BATS185,"fastq,sra","gs,ncbi,s3","gs.US,ncbi.public,s3.us-east-1",40m,ocean biome,ocean,water,SRX2937235,uncalculated,uncalculated,"Atlantic Ocean: Sargasso Sea\, BATS",NextSeq 550,"sample S0625\, cruise BATS185\, 40 m depth",31.66 N 64.16 W,S0625,PAIRED,RANDOM,METAGENOMIC,marine metagenome,ILLUMINA,2018-05-01T00:00:00Z,S0625,SRP109831
SRR5720321,WGS,300,6631992900,PRJNA385855,SAMN07137118,"MIMS.me,MIGS/MIMS/MIMARKS.water",1019100604,2775106435,MIT,2004-08-17,public,BATS191,"fastq,sra","gs,ncbi,s3","gs.US,ncbi.public,s3.us-east-1",1m,ocean biome,ocean,water,SRX2937233,uncalculated,uncalculated,"Atlantic Ocean: Sargasso Sea\, BATS",NextSeq 550,"sample S0621\, cruise BATS191\, 1 m depth",31.66 N 64.16 W,S0621,PAIRED,RANDOM,METAGENOMIC,marine metagenome,ILLUMINA,2018-05-01T00:00:00Z,S0621,SRP109831
SRR5720323,WGS,300,11226380100,PRJNA385855,SAMN07137120,"MIMS.me,MIGS/MIMS/MIMARKS.water",1019100614,4705285027,MIT,2004-08-17,public,BATS191,"fastq,sra","gs,ncbi,s3","gs.US,ncbi.public,s3.us-east-1",180m,ocean biome,ocean,water,SRX2937231,uncalculated,uncalculated,"Atlantic Ocean: Sargasso Sea\, BATS",NextSeq 550,"sample S0623\, cruise BATS191\, 180 m depth",31.66 N 64.16 W,S0623,PAIRED,RANDOM,METAGENOMIC,marine metagenome,ILLUMINA,2018-05-01T00:00:00Z,S0623,SRP109831
SRR5720324,WGS,300,6850851000,PRJNA385855,SAMN07137063,"MIMS.me,MIGS/MIMS/MIMARKS.water",1570200313,2923709366,MIT,2004-03-19,public,HOT157,"fastq,sra","gs,ncbi,s3","gs.US,ncbi.public,s3.us-east-1",175m,ocean biome,ocean,water,SRX2937230,uncalculated,uncalculated,"Pacific Ocean: North Pacific Subtropical Gyre\, Station ALOHA",NextSeq 550,"sample S0566\, cruise HOT157\, 175 m depth",22.75 N 158 W,S0566,PAIRED,RANDOM,METAGENOMIC,marine metagenome,ILLUMINA,2018-05-01T00:00:00Z,S0566,SRP109831
SRR5720326,WGS,300,11348660100,PRJNA385855,SAMN07137065,"MIMS.me,MIGS/MIMS/MIMARKS.water",1017500406,4848037270,MIT,2003-04-22,public,BATS175,"fastq,sra","gs,ncbi,s3","gs.US,ncbi.public,s3.us-east-1",80m,ocean biome,ocean,water,SRX2937228,uncalculated,uncalculated,"Atlantic Ocean: Sargasso Sea\, BATS",NextSeq 550,"sample S0568\, cruise BATS175\, 80 m depth",31.66 N 64.16 W,S0568,PAIRED,RANDOM,METAGENOMIC,marine metagenome,ILLUMINA,2018-05-01T00:00:00Z,S0568,SRP109831
SRR5720328,WGS,300,14673929400,PRJNA385855,SAMN07137059,"MIMS.me,MIGS/MIMS/MIMARKS.water",1550200308,6193191950,MIT,2004-01-21,public,HOT155,"fastq,sra","gs,ncbi,s3","gs.US,ncbi.public,s3.us-east-1",100m,ocean biome,ocean,water,SRX2937226,uncalculated,uncalculated,"Pacific Ocean: North Pacific Subtropical Gyre\, Station ALOHA",NextSeq 550,"sample S0562\, cruise HOT155\, 100 m depth",22.75 N 158 W,S0562,PAIRED,RANDOM,METAGENOMIC,marine metagenome,ILLUMINA,2018-05-01T00:00:00Z,S0562,SRP109831
SRR5720329,WGS,300,8368845300,PRJNA385855,SAMN07137058,"MIMS.me,MIGS/MIMS/MIMARKS.water",1550200314,3568416258,MIT,2004-01-21,public,HOT155,"fastq,sra","gs,ncbi,s3","gs.US,ncbi.public,s3.us-east-1",5m,ocean biome,ocean,water,SRX2937225,uncalculated,uncalculated,"Pacific Ocean: North Pacific Subtropical Gyre\, Station ALOHA",NextSeq 550,"sample S0561\, cruise HOT155\, 5 m depth",22.75 N 158 W,S0561,PAIRED,RANDOM,METAGENOMIC,marine metagenome,ILLUMINA,2018-05-01T00:00:00Z,S0561,SRP109831
SRR5720330,WGS,300,8941231200,PRJNA385855,SAMN07137061,"MIMS.me,MIGS/MIMS/MIMARKS.water",1570200323,3806396124,MIT,2004-03-19,public,HOT157,"fastq,sra","gs,ncbi,s3","gs.US,ncbi.public,s3.us-east-1",10m,ocean biome,ocean,water,SRX2937224,uncalculated,uncalculated,"Pacific Ocean: North Pacific Subtropical Gyre\, Station ALOHA",NextSeq 550,"sample S0564\, cruise HOT157\, 10 m depth",22.75 N 158 W,S0564,PAIRED,RANDOM,METAGENOMIC,marine metagenome,ILLUMINA,2018-05-01T00:00:00Z,S0564,SRP109831
SRR5720332,WGS,300,6659232600,PRJNA385855,SAMN07137067,"MIMS.me,MIGS/MIMS/MIMARKS.water",1018100401,2899013727,MIT,2003-10-07,public,BATS181,"fastq,sra","gs,ncbi,s3","gs.US,ncbi.public,s3.us-east-1",1m,ocean biome,ocean,water,SRX2937222,uncalculated,uncalculated,"Atlantic Ocean: Sargasso Sea\, BATS",NextSeq 550,"sample S0570\, cruise BATS181\, 1 m depth",31.66 N 64.16 W,S0570,PAIRED,RANDOM,METAGENOMIC,marine metagenome,ILLUMINA,2018-05-01T00:00:00Z,S0570,SRP109831
SRR5720335,WGS,300,10423023900,PRJNA385855,SAMN07137075,"MIMS.me,MIGS/MIMS/MIMARKS.water",1018600419,4487077799,MIT,2004-03-23,public,BATS186,"fastq,sra","gs,ncbi,s3","gs.US,ncbi.public,s3.us-east-1",180m,ocean biome,ocean,water,SRX2937219,uncalculated,uncalculated,"Atlantic Ocean: Sargasso Sea\, BATS",NextSeq 550,"sample S0578\, cruise BATS186\, 180 m depth",31.66 N 64.16 W,S0578,PAIRED,RANDOM,METAGENOMIC,marine metagenome,ILLUMINA,2018-05-01T00:00:00Z,S0578,SRP109831
SRR5720337,WGS,300,6442034400,PRJNA385855,SAMN07137073,"MIMS.me,MIGS/MIMS/MIMARKS.water",1018600401,2788188456,MIT,2004-03-23,public,BATS186,"fastq,sra","gs,ncbi,s3","gs.US,ncbi.public,s3.us-east-1",1m,ocean biome,ocean,water,SRX2937217,uncalculated,uncalculated,"Atlantic Ocean: Sargasso Sea\, BATS",NextSeq 550,"sample S0576\, cruise BATS186\, 1 m depth",31.66 N 64.16 W,S0576,PAIRED,RANDOM,METAGENOMIC,marine metagenome,ILLUMINA,2018-05-01T00:00:00Z,S0576,SRP109831
SRR5720341,WGS,300,9037142400,PRJNA385855,SAMN07137069,"MIMS.me,MIGS/MIMS/MIMARKS.water",1018100411,4138898189,MIT,2003-10-07,public,BATS181,"fastq,sra","gs,ncbi,s3","gs.US,ncbi.public,s3.us-east-1",180m,ocean biome,ocean,water,SRX2937213,uncalculated,uncalculated,"Atlantic Ocean: Sargasso Sea\, BATS",NextSeq 550,"sample S0572\, cruise BATS181\, 180 m depth",31.66 N 64.16 W,S0572,PAIRED,RANDOM,METAGENOMIC,marine metagenome,ILLUMINA,2018-05-01T00:00:00Z,S0572,SRP109831
SRR5720220,WGS,300,5559677100,PRJNA385855,SAMN07137017,"MIMS.me,MIGS/MIMS/MIMARKS.water",1640201108,2359898377,MIT,2004-10-10,public,HOT164,"fastq,sra","gs,ncbi,s3","gs.US,ncbi.public,s3.us-east-1",115m,ocean biome,ocean,water,SRX2937334,uncalculated,uncalculated,"Pacific Ocean: North Pacific Subtropical Gyre\, Station ALOHA",NextSeq 550,"sample S0520\, cruise HOT164\, 115 m depth",22.75 N 158 W,S0520,PAIRED,RANDOM,METAGENOMIC,marine metagenome,ILLUMINA,2018-05-01T00:00:00Z,S0520,SRP109831
SRR5720222,WGS,300,7913737200,PRJNA385855,SAMN07137013,"MIMS.me,MIGS/MIMS/MIMARKS.water",1630200414,3307732493,MIT,2004-09-28,public,HOT163,"fastq,sra","gs,ncbi,s3","gs.US,ncbi.public,s3.us-east-1",5m,ocean biome,ocean,water,SRX2937332,uncalculated,uncalculated,"Pacific Ocean: North Pacific Subtropical Gyre\, Station ALOHA",NextSeq 550,"sample S0516\, cruise HOT163\, 5 m depth",22.75 N 158 W,S0516,PAIRED,RANDOM,METAGENOMIC,marine metagenome,ILLUMINA,2018-05-01T00:00:00Z,S0516,SRP109831
SRR5720225,WGS,300,7587375600,PRJNA385855,SAMN07137008,"MIMS.me,MIGS/MIMS/MIMARKS.water",1600200406,3127625027,MIT,2004-06-15,public,HOT160,"fastq,sra","gs,ncbi,s3","gs.US,ncbi.public,s3.us-east-1",125m,ocean biome,ocean,water,SRX2937329,uncalculated,uncalculated,"Pacific Ocean: North Pacific Subtropical Gyre\, Station ALOHA",NextSeq 550,"sample S0511\, cruise HOT160\, 125 m depth",22.75 N 158 W,S0511,PAIRED,RANDOM,METAGENOMIC,marine metagenome,ILLUMINA,2018-05-01T00:00:00Z,S0511,SRP109831
SRR5720227,WGS,300,6711039900,PRJNA385855,SAMN07137010,"MIMS.me,MIGS/MIMS/MIMARKS.water",1620200414,2779232519,MIT,2004-08-15,public,HOT162,"fastq,sra","gs,ncbi,s3","gs.US,ncbi.public,s3.us-east-1",5m,ocean biome,ocean,water,SRX2937327,uncalculated,uncalculated,"Pacific Ocean: North Pacific Subtropical Gyre\, Station ALOHA",NextSeq 550,"sample S0513\, cruise HOT162\, 5 m depth",22.75 N 158 W,S0513,PAIRED,RANDOM,METAGENOMIC,marine metagenome,ILLUMINA,2018-05-01T00:00:00Z,S0513,SRP109831
SRR5720229,WGS,300,10141710300,PRJNA385855,SAMN07137087,"MIMS.me,MIGS/MIMS/MIMARKS.water",1017800417,4493270458,MIT,2003-07-15,public,BATS178,"fastq,sra","gs,ncbi,s3","gs.US,ncbi.public,s3.us-east-1",180m,ocean biome,ocean,water,SRX2937325,uncalculated,uncalculated,"Atlantic Ocean: Sargasso Sea\, BATS",NextSeq 550,"sample S0590\, cruise BATS178\, 180 m depth",31.66 N 64.16 W,S0590,PAIRED,RANDOM,METAGENOMIC,marine metagenome,ILLUMINA,2018-05-01T00:00:00Z,S0590,SRP109831
SRR5720231,WGS,300,8326248000,PRJNA385855,SAMN07137081,"MIMS.me,MIGS/MIMS/MIMARKS.water",1017300317,3651507172,MIT,2003-02-21,public,BATS173,"fastq,sra","gs,ncbi,s3","gs.US,ncbi.public,s3.us-east-1",180m,ocean biome,ocean,water,SRX2937323,uncalculated,uncalculated,"Atlantic Ocean: Sargasso Sea\, BATS",NextSeq 550,"sample S0584\, cruise BATS173\, 180 m depth",31.66 N 64.16 W,S0584,PAIRED,RANDOM,METAGENOMIC,marine metagenome,ILLUMINA,2018-05-01T00:00:00Z,S0584,SRP109831
SRR5720233,WGS,300,6009499500,PRJNA385855,SAMN07137079,"MIMS.me,MIGS/MIMS/MIMARKS.water",1017300307,2657167844,MIT,2003-02-21,public,BATS173,"fastq,sra","gs,ncbi,s3","gs.US,ncbi.public,s3.us-east-1",1m,ocean biome,ocean,water,SRX2937321,uncalculated,uncalculated,"Atlantic Ocean: Sargasso Sea\, BATS",NextSeq 550,"sample S0582\, cruise BATS173\, 1 m depth",31.66 N 64.16 W,S0582,PAIRED,RANDOM,METAGENOMIC,marine metagenome,ILLUMINA,2018-05-01T00:00:00Z,S0582,SRP109831
SRR5720235,WGS,300,3990292500,PRJNA385855,SAMN07137085,"MIMS.me,MIGS/MIMS/MIMARKS.water",1017800407,1670067677,MIT,2003-07-15,public,BATS178,"fastq,sra","gs,ncbi,s3","gs.US,ncbi.public,s3.us-east-1",10m,ocean biome,ocean,water,SRX2937319,uncalculated,uncalculated,"Atlantic Ocean: Sargasso Sea\, BATS",NextSeq 550,"sample S0588\, cruise BATS178\, 10 m depth",31.66 N 64.16 W,S0588,PAIRED,RANDOM,METAGENOMIC,marine metagenome,ILLUMINA,2018-05-01T00:00:00Z,S0588,SRP109831
SRR5720237,WGS,300,8298525000,PRJNA385855,SAMN07137083,"MIMS.me,MIGS/MIMS/MIMARKS.water",1017400416,3718244081,MIT,2003-03-22,public,BATS174,"fastq,sra","gs,ncbi,s3","gs.US,ncbi.public,s3.us-east-1",80m,ocean biome,ocean,water,SRX2937317,uncalculated,uncalculated,"Atlantic Ocean: Sargasso Sea\, BATS",NextSeq 550,"sample S0586\, cruise BATS174\, 80 m depth",31.66 N 64.16 W,S0586,PAIRED,RANDOM,METAGENOMIC,marine metagenome,ILLUMINA,2018-05-01T00:00:00Z,S0586,SRP109831
SRR5720239,WGS,300,10245538500,PRJNA385855,SAMN07137027,"MIMS.me,MIGS/MIMS/MIMARKS.water",1440200904,4349535838,MIT,2003-01-17,public,HOT144,"fastq,sra","gs,ncbi,s3","gs.US,ncbi.public,s3.us-east-1",175m,ocean biome,ocean,water,SRX2937315,uncalculated,uncalculated,"Pacific Ocean: North Pacific Subtropical Gyre\, Station ALOHA",NextSeq 550,"sample S0530\, cruise HOT144\, 175 m depth",22.75 N 158 W,S0530,PAIRED,RANDOM,METAGENOMIC,marine metagenome,ILLUMINA,2018-05-01T00:00:00Z,S0530,SRP109831
SRR5720241,WGS,300,9816315300,PRJNA385855,SAMN07137019,"MIMS.me,MIGS/MIMS/MIMARKS.water",1650200419,4233249905,MIT,2004-11-10,public,HOT165,"fastq,sra","gs,ncbi,s3","gs.US,ncbi.public,s3.us-east-1",5m,ocean biome,ocean,water,SRX2937313,uncalculated,uncalculated,"Pacific Ocean: North Pacific Subtropical Gyre\, Station ALOHA",NextSeq 550,"sample S0522\, cruise HOT165\, 5 m depth",22.75 N 158 W,S0522,PAIRED,RANDOM,METAGENOMIC,marine metagenome,ILLUMINA,2018-05-01T00:00:00Z,S0522,SRP109831
SRR5720243,WGS,300,12159346500,PRJNA385855,SAMN07137021,"MIMS.me,MIGS/MIMS/MIMARKS.water",1650200404,5202112016,MIT,2004-11-10,public,HOT165,"fastq,sra","gs,ncbi,s3","gs.US,ncbi.public,s3.us-east-1",175m,ocean biome,ocean,water,SRX2937311,uncalculated,uncalculated,"Pacific Ocean: North Pacific Subtropical Gyre\, Station ALOHA",NextSeq 550,"sample S0524\, cruise HOT165\, 175 m depth",22.75 N 158 W,S0524,PAIRED,RANDOM,METAGENOMIC,marine metagenome,ILLUMINA,2018-05-01T00:00:00Z,S0524,SRP109831
SRR5720245,WGS,300,9351158700,PRJNA385855,SAMN07137023,"MIMS.me,MIGS/MIMS/MIMARKS.water",1660200508,4060125586,MIT,2004-12-14,public,HOT166,"fastq,sra","gs,ncbi,s3","gs.US,ncbi.public,s3.us-east-1",100m,ocean biome,ocean,water,SRX2937309,uncalculated,uncalculated,"Pacific Ocean: North Pacific Subtropical Gyre\, Station ALOHA",NextSeq 550,"sample S0526\, cruise HOT166\, 100 m depth",22.75 N 158 W,S0526,PAIRED,RANDOM,METAGENOMIC,marine metagenome,ILLUMINA,2018-05-01T00:00:00Z,S0526,SRP109831
SRR5720247,WGS,300,7932561900,PRJNA385855,SAMN07137025,"MIMS.me,MIGS/MIMS/MIMARKS.water",1440200914,3434366185,MIT,2003-01-17,public,HOT144,"fastq,sra","gs,ncbi,s3","gs.US,ncbi.public,s3.us-east-1",5m,ocean biome,ocean,water,SRX2937307,uncalculated,uncalculated,"Pacific Ocean: North Pacific Subtropical Gyre\, Station ALOHA",NextSeq 550,"sample S0528\, cruise HOT144\, 5 m depth",22.75 N 158 W,S0528,PAIRED,RANDOM,METAGENOMIC,marine metagenome,ILLUMINA,2018-05-01T00:00:00Z,S0528,SRP109831
SRR5720248,WGS,300,7130226300,PRJNA385855,SAMN07137024,"MIMS.me,MIGS/MIMS/MIMARKS.water",1660200504,3128114168,MIT,2004-12-14,public,HOT166,"fastq,sra","gs,ncbi,s3","gs.US,ncbi.public,s3.us-east-1",175m,ocean biome,ocean,water,SRX2937306,uncalculated,uncalculated,"Pacific Ocean: North Pacific Subtropical Gyre\, Station ALOHA",NextSeq 550,"sample S0527\, cruise HOT166\, 175 m depth",22.75 N 158 W,S0527,PAIRED,RANDOM,METAGENOMIC,marine metagenome,ILLUMINA,2018-05-01T00:00:00Z,S0527,SRP109831
SRR5720251,WGS,300,5212220100,PRJNA385855,SAMN07137094,"MIMS.me,MIGS/MIMS/MIMARKS.water",1019200501,2324747654,MIT,2004-09-14,public,BATS192,"fastq,sra","gs,ncbi,s3","gs.US,ncbi.public,s3.us-east-1",1m,ocean biome,ocean,water,SRX2937303,uncalculated,uncalculated,"Atlantic Ocean: Sargasso Sea\, BATS",NextSeq 550,"sample S0597\, cruise BATS192\, 1 m depth",31.66 N 64.16 W,S0597,PAIRED,RANDOM,METAGENOMIC,marine metagenome,ILLUMINA,2018-05-01T00:00:00Z,S0597,SRP109831
SRR5720253,WGS,300,6094672500,PRJNA385855,SAMN07137116,"MIMS.me,MIGS/MIMS/MIMARKS.water",1018900309,2506400451,MIT,2004-06-15,public,BATS189,"fastq,sra","gs,ncbi,s3","gs.US,ncbi.public,s3.us-east-1",100m,ocean biome,ocean,water,SRX2937301,uncalculated,uncalculated,"Atlantic Ocean: Sargasso Sea\, BATS",NextSeq 550,"sample S0619\, cruise BATS189\, 100 m depth",31.66 N 64.16 W,S0619,PAIRED,RANDOM,METAGENOMIC,marine metagenome,ILLUMINA,2018-05-01T00:00:00Z,S0619,SRP109831
SRR5720254,WGS,300,15526120500,PRJNA385855,SAMN07137117,"MIMS.me,MIGS/MIMS/MIMARKS.water",1018900313,7202842771,MIT,2004-06-15,public,BATS189,"fastq,sra","gs,ncbi,s3","gs.US,ncbi.public,s3.us-east-1",180m,ocean biome,ocean,water,SRX2937300,uncalculated,uncalculated,"Atlantic Ocean: Sargasso Sea\, BATS",NextSeq 550,"sample S0620\, cruise BATS189\, 180 m depth",31.66 N 64.16 W,S0620,PAIRED,RANDOM,METAGENOMIC,marine metagenome,ILLUMINA,2018-05-01T00:00:00Z,S0620,SRP109831
SRR5720255,WGS,300,11165495700,PRJNA385855,SAMN07137090,"MIMS.me,MIGS/MIMS/MIMARKS.water",1017900413,4954459798,MIT,2003-08-12,public,BATS179,"fastq,sra","gs,ncbi,s3","gs.US,ncbi.public,s3.us-east-1",160m,ocean biome,ocean,water,SRX2937299,uncalculated,uncalculated,"Atlantic Ocean: Sargasso Sea\, BATS",NextSeq 550,"sample S0593\, cruise BATS179\, 160 m depth",31.66 N 64.16 W,S0593,PAIRED,RANDOM,METAGENOMIC,marine metagenome,ILLUMINA,2018-05-01T00:00:00Z,S0593,SRP109831
SRR5720257,WGS,300,4472111100,PRJNA385855,SAMN07137112,"MIMS.me,MIGS/MIMS/MIMARKS.water",1018800504,1865588302,MIT,2004-05-18,public,BATS188,"fastq,sra","gs,ncbi,s3","gs.US,ncbi.public,s3.us-east-1",10m,ocean biome,ocean,water,SRX2937297,uncalculated,uncalculated,"Atlantic Ocean: Sargasso Sea\, BATS",NextSeq 550,"sample S0615\, cruise BATS188\, 10 m depth",31.66 N 64.16 W,S0615,PAIRED,RANDOM,METAGENOMIC,marine metagenome,ILLUMINA,2018-05-01T00:00:00Z,S0615,SRP109831
SRR5720259,WGS,300,19344239100,PRJNA385855,SAMN07137114,"MIMS.me,MIGS/MIMS/MIMARKS.water",1018800514,8863832169,MIT,2004-05-18,public,BATS188,"fastq,sra","gs,ncbi,s3","gs.US,ncbi.public,s3.us-east-1",180m,ocean biome,ocean,water,SRX2937295,uncalculated,uncalculated,"Atlantic Ocean: Sargasso Sea\, BATS",NextSeq 550,"sample S0617\, cruise BATS188\, 180 m depth",31.66 N 64.16 W,S0617,PAIRED,RANDOM,METAGENOMIC,marine metagenome,ILLUMINA,2018-05-01T00:00:00Z,S0617,SRP109831
SRR5720260,WGS,300,3770683800,PRJNA385855,SAMN07137115,"MIMS.me,MIGS/MIMS/MIMARKS.water",1018900301,1575937500,MIT,2004-06-15,public,BATS189,"fastq,sra","gs,ncbi,s3","gs.US,ncbi.public,s3.us-east-1",10m,ocean biome,ocean,water,SRX2937294,uncalculated,uncalculated,"Atlantic Ocean: Sargasso Sea\, BATS",NextSeq 550,"sample S0618\, cruise BATS189\, 10 m depth",31.66 N 64.16 W,S0618,PAIRED,RANDOM,METAGENOMIC,marine metagenome,ILLUMINA,2018-05-01T00:00:00Z,S0618,SRP109831
SRR5720262,WGS,300,6830747700,PRJNA385855,SAMN07137109,"MIMS.me,MIGS/MIMS/MIMARKS.water",1018300401,3143858891,MIT,2003-12-02,public,BATS183,"fastq,sra","gs,ncbi,s3","gs.US,ncbi.public,s3.us-east-1",1m,ocean biome,ocean,water,SRX2937292,uncalculated,uncalculated,"Atlantic Ocean: Sargasso Sea\, BATS",NextSeq 550,"sample S0612\, cruise BATS183\, 1 m depth",31.66 N 64.16 W,S0612,PAIRED,RANDOM,METAGENOMIC,marine metagenome,ILLUMINA,2018-05-01T00:00:00Z,S0612,SRP109831
SRR5720264,WGS,300,5604618600,PRJNA385855,SAMN07137111,"MIMS.me,MIGS/MIMS/MIMARKS.water",1018300414,2583953884,MIT,2003-12-02,public,BATS183,"fastq,sra","gs,ncbi,s3","gs.US,ncbi.public,s3.us-east-1",180m,ocean biome,ocean,water,SRX2937290,uncalculated,uncalculated,"Atlantic Ocean: Sargasso Sea\, BATS",NextSeq 550,"sample S0614\, cruise BATS183\, 180 m depth",31.66 N 64.16 W,S0614,PAIRED,RANDOM,METAGENOMIC,marine metagenome,ILLUMINA,2018-05-01T00:00:00Z,S0614,SRP109831
SRR5720267,WGS,300,13691554500,PRJNA385855,SAMN07137030,"MIMS.me,MIGS/MIMS/MIMARKS.water",1450200305,5853728849,MIT,2003-02-25,public,HOT145,"fastq,sra","gs,ncbi,s3","gs.US,ncbi.public,s3.us-east-1",175m,ocean biome,ocean,water,SRX2937287,uncalculated,uncalculated,"Pacific Ocean: North Pacific Subtropical Gyre\, Station ALOHA",NextSeq 550,"sample S0533\, cruise HOT145\, 175 m depth",22.75 N 158 W,S0533,PAIRED,RANDOM,METAGENOMIC,marine metagenome,ILLUMINA,2018-05-01T00:00:00Z,S0533,SRP109831
SRR5720270,WGS,300,13639268400,PRJNA385855,SAMN07137029,"MIMS.me,MIGS/MIMS/MIMARKS.water",1450200308,5824292327,MIT,2003-02-25,public,HOT145,"fastq,sra","gs,ncbi,s3","gs.US,ncbi.public,s3.us-east-1",115m,ocean biome,ocean,water,SRX2937284,uncalculated,uncalculated,"Pacific Ocean: North Pacific Subtropical Gyre\, Station ALOHA",NextSeq 550,"sample S0532\, cruise HOT145\, 115 m depth",22.75 N 158 W,S0532,PAIRED,RANDOM,METAGENOMIC,marine metagenome,ILLUMINA,2018-05-01T00:00:00Z,S0532,SRP109831
SRR5720273,WGS,300,9372731400,PRJNA385855,SAMN07137032,"MIMS.me,MIGS/MIMS/MIMARKS.water",1460200307,4033365974,MIT,2003-03-28,public,HOT146,"fastq,sra","gs,ncbi,s3","gs.US,ncbi.public,s3.us-east-1",125m,ocean biome,ocean,water,SRX2937281,uncalculated,uncalculated,"Pacific Ocean: North Pacific Subtropical Gyre\, Station ALOHA",NextSeq 550,"sample S0535\, cruise HOT146\, 125 m depth",22.75 N 158 W,S0535,PAIRED,RANDOM,METAGENOMIC,marine metagenome,ILLUMINA,2018-05-01T00:00:00Z,S0535,SRP109831
SRR5720274,WGS,300,10786925400,PRJNA385855,SAMN07137033,"MIMS.me,MIGS/MIMS/MIMARKS.water",1460200304,4625594857,MIT,2003-03-28,public,HOT146,"fastq,sra","gs,ncbi,s3","gs.US,ncbi.public,s3.us-east-1",175m,ocean biome,ocean,water,SRX2937280,uncalculated,uncalculated,"Pacific Ocean: North Pacific Subtropical Gyre\, Station ALOHA",NextSeq 550,"sample S0536\, cruise HOT146\, 175 m depth",22.75 N 158 W,S0536,PAIRED,RANDOM,METAGENOMIC,marine metagenome,ILLUMINA,2018-05-01T00:00:00Z,S0536,SRP109831
SRR5720276,WGS,300,7367547000,PRJNA385855,SAMN07137106,"MIMS.me,MIGS/MIMS/MIMARKS.water",1018200401,3391440277,MIT,2003-11-04,public,BATS182,"fastq,sra","gs,ncbi,s3","gs.US,ncbi.public,s3.us-east-1",1m,ocean biome,ocean,water,SRX2937278,uncalculated,uncalculated,"Atlantic Ocean: Sargasso Sea\, BATS",NextSeq 550,"sample S0609\, cruise BATS182\, 1 m depth",31.66 N 64.16 W,S0609,PAIRED,RANDOM,METAGENOMIC,marine metagenome,ILLUMINA,2018-05-01T00:00:00Z,S0609,SRP109831
SRR5720278,WGS,300,7458341100,PRJNA385855,SAMN07137100,"MIMS.me,MIGS/MIMS/MIMARKS.water",1019400401,3405814301,MIT,2004-11-12,public,BATS194,"fastq,sra","gs,ncbi,s3","gs.US,ncbi.public,s3.us-east-1",1m,ocean biome,ocean,water,SRX2937276,uncalculated,uncalculated,"Atlantic Ocean: Sargasso Sea\, BATS",NextSeq 550,"sample S0603\, cruise BATS194\, 1 m depth",31.66 N 64.16 W,S0603,PAIRED,RANDOM,METAGENOMIC,marine metagenome,ILLUMINA,2018-05-01T00:00:00Z,S0603,SRP109831
SRR5720281,WGS,300,10153787100,PRJNA385855,SAMN07137105,"MIMS.me,MIGS/MIMS/MIMARKS.water",1017600517,4679003020,MIT,2003-05-20,public,BATS176,"fastq,sra","gs,ncbi,s3","gs.US,ncbi.public,s3.us-east-1",180m,ocean biome,ocean,water,SRX2937273,uncalculated,uncalculated,"Atlantic Ocean: Sargasso Sea\, BATS",NextSeq 550,"sample S0608\, cruise BATS176\, 180 m depth",31.66 N 64.16 W,S0608,PAIRED,RANDOM,METAGENOMIC,marine metagenome,ILLUMINA,2018-05-01T00:00:00Z,S0608,SRP109831
SRR5720283,WGS,300,6531059400,PRJNA385855,SAMN07137103,"MIMS.me,MIGS/MIMS/MIMARKS.water",1017600501,2751859475,MIT,2003-05-20,public,BATS176,"fastq,sra","gs,ncbi,s3","gs.US,ncbi.public,s3.us-east-1",1m,ocean biome,ocean,water,SRX2937271,uncalculated,uncalculated,"Atlantic Ocean: Sargasso Sea\, BATS",NextSeq 550,"sample S0606\, cruise BATS176\, 1 m depth",31.66 N 64.16 W,S0606,PAIRED,RANDOM,METAGENOMIC,marine metagenome,ILLUMINA,2018-05-01T00:00:00Z,S0606,SRP109831
SRR5720285,WGS,300,12213170400,PRJNA385855,SAMN07137089,"MIMS.me,MIGS/MIMS/MIMARKS.water",1017900410,5309948112,MIT,2003-08-12,public,BATS179,"fastq,sra","gs,ncbi,s3","gs.US,ncbi.public,s3.us-east-1",100m,ocean biome,ocean,water,SRX2937269,uncalculated,uncalculated,"Atlantic Ocean: Sargasso Sea\, BATS",NextSeq 550,"sample S0592\, cruise BATS179\, 100 m depth",31.66 N 64.16 W,S0592,PAIRED,RANDOM,METAGENOMIC,marine metagenome,ILLUMINA,2018-05-01T00:00:00Z,S0592,SRP109831
SRR5720287,WGS,300,3971015400,PRJNA385855,SAMN07137047,"MIMS.me,MIGS/MIMS/MIMARKS.water",1510200307,1682823286,MIT,2003-08-20,public,HOT151,"fastq,sra","gs,ncbi,s3","gs.US,ncbi.public,s3.us-east-1",115m,ocean biome,ocean,water,SRX2937267,uncalculated,uncalculated,"Pacific Ocean: North Pacific Subtropical Gyre\, Station ALOHA",NextSeq 550,"sample S0550\, cruise HOT151\, 115 m depth",22.75 N 158 W,S0550,PAIRED,RANDOM,METAGENOMIC,marine metagenome,ILLUMINA,2018-05-01T00:00:00Z,S0550,SRP109831
SRR5720289,WGS,300,4602428700,PRJNA385855,SAMN07137045,"MIMS.me,MIGS/MIMS/MIMARKS.water",1500200304,1921624168,MIT,2003-07-19,public,HOT150,"fastq,sra","gs,ncbi,s3","gs.US,ncbi.public,s3.us-east-1",175m,ocean biome,ocean,water,SRX2937265,uncalculated,uncalculated,"Pacific Ocean: North Pacific Subtropical Gyre\, Station ALOHA",NextSeq 550,"sample S0548\, cruise HOT150\, 175 m depth",22.75 N 158 W,S0548,PAIRED,RANDOM,METAGENOMIC,marine metagenome,ILLUMINA,2018-05-01T00:00:00Z,S0548,SRP109831
SRR5720291,WGS,300,10651995000,PRJNA385855,SAMN07137043,"MIMS.me,MIGS/MIMS/MIMARKS.water",1500200314,4528024326,MIT,2003-07-19,public,HOT150,"fastq,sra","gs,ncbi,s3","gs.US,ncbi.public,s3.us-east-1",5m,ocean biome,ocean,water,SRX2937263,uncalculated,uncalculated,"Pacific Ocean: North Pacific Subtropical Gyre\, Station ALOHA",NextSeq 550,"sample S0546\, cruise HOT150\, 5 m depth",22.75 N 158 W,S0546,PAIRED,RANDOM,METAGENOMIC,marine metagenome,ILLUMINA,2018-05-01T00:00:00Z,S0546,SRP109831
SRR5720293,WGS,300,12195502200,PRJNA385855,SAMN07137041,"MIMS.me,MIGS/MIMS/MIMARKS.water",1490200308,5318639078,MIT,2003-06-19,public,HOT149,"fastq,sra","gs,ncbi,s3","gs.US,ncbi.public,s3.us-east-1",100m,ocean biome,ocean,water,SRX2937261,uncalculated,uncalculated,"Pacific Ocean: North Pacific Subtropical Gyre\, Station ALOHA",NextSeq 550,"sample S0544\, cruise HOT149\, 100 m depth",22.75 N 158 W,S0544,PAIRED,RANDOM,METAGENOMIC,marine metagenome,ILLUMINA,2018-05-01T00:00:00Z,S0544,SRP109831
SRR5720296,WGS,300,7617728700,PRJNA385855,SAMN07137038,"MIMS.me,MIGS/MIMS/MIMARKS.water",1480200307,3232973616,MIT,2003-05-20,public,HOT148,"fastq,sra","gs,ncbi,s3","gs.US,ncbi.public,s3.us-east-1",115m,ocean biome,ocean,water,SRX2937258,uncalculated,uncalculated,"Pacific Ocean: North Pacific Subtropical Gyre\, Station ALOHA",NextSeq 550,"sample S0541\, cruise HOT148\, 115 m depth",22.75 N 158 W,S0541,PAIRED,RANDOM,METAGENOMIC,marine metagenome,ILLUMINA,2018-05-01T00:00:00Z,S0541,SRP109831
SRR5720298,WGS,300,7034577900,PRJNA385855,SAMN07137007,"MIMS.me,MIGS/MIMS/MIMARKS.water",1600200414,2904233823,MIT,2004-06-15,public,HOT160,"fastq,sra","gs,ncbi,s3","gs.US,ncbi.public,s3.us-east-1",5m,ocean biome,ocean,water,SRX2937256,uncalculated,uncalculated,"Pacific Ocean: North Pacific Subtropical Gyre\, Station ALOHA",NextSeq 550,"sample S0510\, cruise HOT160\, 5 m depth",22.75 N 158 W,S0510,PAIRED,RANDOM,METAGENOMIC,marine metagenome,ILLUMINA,2018-05-01T00:00:00Z,S0510,SRP109831
SRR5720300,WGS,300,3162278100,PRJNA385855,SAMN07136999,"MIMS.me,MIGS/MIMS/MIMARKS.water",1560200308,1267076385,MIT,2004-02-24,public,HOT156,"fastq,sra","gs,ncbi,s3","gs.US,ncbi.public,s3.us-east-1",100m,ocean biome,ocean,water,SRX2937254,uncalculated,uncalculated,"Pacific Ocean: North Pacific Subtropical Gyre\, Station ALOHA",NextSeq 550,"sample S0502\, cruise HOT156\, 100 m depth",22.75 N 158 W,S0502,PAIRED,RANDOM,METAGENOMIC,marine metagenome,ILLUMINA,2018-05-01T00:00:00Z,S0502,SRP109831
SRR5720302,WGS,300,12452283000,PRJNA385855,SAMN07137001,"MIMS.me,MIGS/MIMS/MIMARKS.water",1580200313,5219776777,MIT,2004-04-20,public,HOT158,"fastq,sra","gs,ncbi,s3","gs.US,ncbi.public,s3.us-east-1",25m,ocean biome,ocean,water,SRX2937252,uncalculated,uncalculated,"Pacific Ocean: North Pacific Subtropical Gyre\, Station ALOHA",NextSeq 550,"sample S0504\, cruise HOT158\, 25 m depth",22.75 N 158 W,S0504,PAIRED,RANDOM,METAGENOMIC,marine metagenome,ILLUMINA,2018-05-01T00:00:00Z,S0504,SRP109831
SRR5720304,WGS,300,6029092800,PRJNA385855,SAMN07137003,"MIMS.me,MIGS/MIMS/MIMARKS.water",1580200304,2544383342,MIT,2004-04-20,public,HOT158,"fastq,sra","gs,ncbi,s3","gs.US,ncbi.public,s3.us-east-1",175m,ocean biome,ocean,water,SRX2937250,uncalculated,uncalculated,"Pacific Ocean: North Pacific Subtropical Gyre\, Station ALOHA",NextSeq 550,"sample S0506\, cruise HOT158\, 175 m depth",22.75 N 158 W,S0506,PAIRED,RANDOM,METAGENOMIC,marine metagenome,ILLUMINA,2018-05-01T00:00:00Z,S0506,SRP109831
SRR5720306,WGS,300,6585094200,PRJNA385855,SAMN07137005,"MIMS.me,MIGS/MIMS/MIMARKS.water",1590200307,2788852081,MIT,2004-05-18,public,HOT159,"fastq,sra","gs,ncbi,s3","gs.US,ncbi.public,s3.us-east-1",115m,ocean biome,ocean,water,SRX2937248,uncalculated,uncalculated,"Pacific Ocean: North Pacific Subtropical Gyre\, Station ALOHA",NextSeq 550,"sample S0508\, cruise HOT159\, 115 m depth",22.75 N 158 W,S0508,PAIRED,RANDOM,METAGENOMIC,marine metagenome,ILLUMINA,2018-05-01T00:00:00Z,S0508,SRP109831
SRR5720308,WGS,300,5289672300,PRJNA385855,SAMN07137056,"MIMS.me,MIGS/MIMS/MIMARKS.water",1520200308,2282485957,MIT,2003-10-14,public,HOT152,"fastq,sra","gs,ncbi,s3","gs.US,ncbi.public,s3.us-east-1",100m,ocean biome,ocean,water,SRX2937246,uncalculated,uncalculated,"Pacific Ocean: North Pacific Subtropical Gyre\, Station ALOHA",NextSeq 550,"sample S0559\, cruise HOT152\, 100 m depth",22.75 N 158 W,S0559,PAIRED,RANDOM,METAGENOMIC,marine metagenome,ILLUMINA,2018-05-01T00:00:00Z,S0559,SRP109831
SRR5720311,WGS,300,10767355500,PRJNA385855,SAMN07137049,"MIMS.me,MIGS/MIMS/MIMARKS.water",1530200314,4572337384,MIT,2003-11-09,public,HOT153,"fastq,sra","gs,ncbi,s3","gs.US,ncbi.public,s3.us-east-1",5m,ocean biome,ocean,water,SRX2937243,uncalculated,uncalculated,"Pacific Ocean: North Pacific Subtropical Gyre\, Station ALOHA",NextSeq 550,"sample S0552\, cruise HOT153\, 5 m depth",22.75 N 158 W,S0552,PAIRED,RANDOM,METAGENOMIC,marine metagenome,ILLUMINA,2018-05-01T00:00:00Z,S0552,SRP109831
SRR5720313,WGS,300,5436279900,PRJNA385855,SAMN07137051,"MIMS.me,MIGS/MIMS/MIMARKS.water",1530200304,2352325033,MIT,2003-11-09,public,HOT153,"fastq,sra","gs,ncbi,s3","gs.US,ncbi.public,s3.us-east-1",175m,ocean biome,ocean,water,SRX2937241,uncalculated,uncalculated,"Pacific Ocean: North Pacific Subtropical Gyre\, Station ALOHA",NextSeq 550,"sample S0554\, cruise HOT153\, 175 m depth",22.75 N 158 W,S0554,PAIRED,RANDOM,METAGENOMIC,marine metagenome,ILLUMINA,2018-05-01T00:00:00Z,S0554,SRP109831
SRR5720315,WGS,300,10148267100,PRJNA385855,SAMN07137053,"MIMS.me,MIGS/MIMS/MIMARKS.water",1540201010,4313041876,MIT,2003-12-20,public,HOT154,"fastq,sra","gs,ncbi,s3","gs.US,ncbi.public,s3.us-east-1",85m,ocean biome,ocean,water,SRX2937239,uncalculated,uncalculated,"Pacific Ocean: North Pacific Subtropical Gyre\, Station ALOHA",NextSeq 550,"sample S0556\, cruise HOT154\, 85 m depth",22.75 N 158 W,S0556,PAIRED,RANDOM,METAGENOMIC,marine metagenome,ILLUMINA,2018-05-01T00:00:00Z,S0556,SRP109831
SRR5720318,WGS,300,10308475500,PRJNA385855,SAMN07137123,"MIMS.me,MIGS/MIMS/MIMARKS.water",1018500511,4343011798,MIT,2004-02-24,public,BATS185,"fastq,sra","gs,ncbi,s3","gs.US,ncbi.public,s3.us-east-1",180m,ocean biome,ocean,water,SRX2937236,uncalculated,uncalculated,"Atlantic Ocean: Sargasso Sea\, BATS",NextSeq 550,"sample S0626\, cruise BATS185\, 180 m depth",31.66 N 64.16 W,S0626,PAIRED,RANDOM,METAGENOMIC,marine metagenome,ILLUMINA,2018-05-01T00:00:00Z,S0626,SRP109831
SRR5720320,WGS,300,15638925300,PRJNA385855,SAMN07137119,"MIMS.me,MIGS/MIMS/MIMARKS.water",1019100611,7166657868,MIT,2004-08-17,public,BATS191,"fastq,sra","gs,ncbi,s3","gs.US,ncbi.public,s3.us-east-1",120m,ocean biome,ocean,water,SRX2937234,uncalculated,uncalculated,"Atlantic Ocean: Sargasso Sea\, BATS",NextSeq 550,"sample S0622\, cruise BATS191\, 120 m depth",31.66 N 64.16 W,S0622,PAIRED,RANDOM,METAGENOMIC,marine metagenome,ILLUMINA,2018-05-01T00:00:00Z,S0622,SRP109831
SRR5720322,WGS,300,9720942300,PRJNA385855,SAMN07137121,"MIMS.me,MIGS/MIMS/MIMARKS.water",1018500501,4042026325,MIT,2004-02-24,public,BATS185,"fastq,sra","gs,ncbi,s3","gs.US,ncbi.public,s3.us-east-1",1m,ocean biome,ocean,water,SRX2937232,uncalculated,uncalculated,"Atlantic Ocean: Sargasso Sea\, BATS",NextSeq 550,"sample S0624\, cruise BATS185\, 1 m depth",31.66 N 64.16 W,S0624,PAIRED,RANDOM,METAGENOMIC,marine metagenome,ILLUMINA,2018-05-01T00:00:00Z,S0624,SRP109831
SRR5720325,WGS,300,8315224500,PRJNA385855,SAMN07137062,"MIMS.me,MIGS/MIMS/MIMARKS.water",1570200316,3501831650,MIT,2004-03-19,public,HOT157,"fastq,sra","gs,ncbi,s3","gs.US,ncbi.public,s3.us-east-1",115m,ocean biome,ocean,water,SRX2937229,uncalculated,uncalculated,"Pacific Ocean: North Pacific Subtropical Gyre\, Station ALOHA",NextSeq 550,"sample S0565\, cruise HOT157\, 115 m depth",22.75 N 158 W,S0565,PAIRED,RANDOM,METAGENOMIC,marine metagenome,ILLUMINA,2018-05-01T00:00:00Z,S0565,SRP109831
SRR5720327,WGS,300,8163245400,PRJNA385855,SAMN07137064,"MIMS.me,MIGS/MIMS/MIMARKS.water",1017500401,3420029448,MIT,2003-04-22,public,BATS175,"fastq,sra","gs,ncbi,s3","gs.US,ncbi.public,s3.us-east-1",10m,ocean biome,ocean,water,SRX2937227,uncalculated,uncalculated,"Atlantic Ocean: Sargasso Sea\, BATS",NextSeq 550,"sample S0567\, cruise BATS175\, 10 m depth",31.66 N 64.16 W,S0567,PAIRED,RANDOM,METAGENOMIC,marine metagenome,ILLUMINA,2018-05-01T00:00:00Z,S0567,SRP109831
SRR5720331,WGS,300,4586997600,PRJNA385855,SAMN07137060,"MIMS.me,MIGS/MIMS/MIMARKS.water",1550200304,1960238416,MIT,2004-01-21,public,HOT155,"fastq,sra","gs,ncbi,s3","gs.US,ncbi.public,s3.us-east-1",175m,ocean biome,ocean,water,SRX2937223,uncalculated,uncalculated,"Pacific Ocean: North Pacific Subtropical Gyre\, Station ALOHA",NextSeq 550,"sample S0563\, cruise HOT155\, 175 m depth",22.75 N 158 W,S0563,PAIRED,RANDOM,METAGENOMIC,marine metagenome,ILLUMINA,2018-05-01T00:00:00Z,S0563,SRP109831
SRR5720333,WGS,300,8214619200,PRJNA385855,SAMN07137066,"MIMS.me,MIGS/MIMS/MIMARKS.water",1017500411,3590946918,MIT,2003-04-22,public,BATS175,"fastq,sra","gs,ncbi,s3","gs.US,ncbi.public,s3.us-east-1",180m,ocean biome,ocean,water,SRX2937221,uncalculated,uncalculated,"Atlantic Ocean: Sargasso Sea\, BATS",NextSeq 550,"sample S0569\, cruise BATS175\, 180 m depth",31.66 N 64.16 W,S0569,PAIRED,RANDOM,METAGENOMIC,marine metagenome,ILLUMINA,2018-05-01T00:00:00Z,S0569,SRP109831
SRR5720334,WGS,300,9277853700,PRJNA385855,SAMN07137074,"MIMS.me,MIGS/MIMS/MIMARKS.water",1018600411,4004584760,MIT,2004-03-23,public,BATS186,"fastq,sra","gs,ncbi,s3","gs.US,ncbi.public,s3.us-east-1",60m,ocean biome,ocean,water,SRX2937220,uncalculated,uncalculated,"Atlantic Ocean: Sargasso Sea\, BATS",NextSeq 550,"sample S0577\, cruise BATS186\, 60 m depth",31.66 N 64.16 W,S0577,PAIRED,RANDOM,METAGENOMIC,marine metagenome,ILLUMINA,2018-05-01T00:00:00Z,S0577,SRP109831
SRR5720336,WGS,300,10521444900,PRJNA385855,SAMN07137072,"MIMS.me,MIGS/MIMS/MIMARKS.water",1018400418,4559971738,MIT,2004-01-27,public,BATS184,"fastq,sra","gs,ncbi,s3","gs.US,ncbi.public,s3.us-east-1",180m,ocean biome,ocean,water,SRX2937218,uncalculated,uncalculated,"Atlantic Ocean: Sargasso Sea\, BATS",NextSeq 550,"sample S0575\, cruise BATS184\, 180 m depth",31.66 N 64.16 W,S0575,PAIRED,RANDOM,METAGENOMIC,marine metagenome,ILLUMINA,2018-05-01T00:00:00Z,S0575,SRP109831
SRR5720338,WGS,300,11093896800,PRJNA385855,SAMN07137070,"MIMS.me,MIGS/MIMS/MIMARKS.water",1018400401,4803937972,MIT,2004-01-27,public,BATS184,"fastq,sra","gs,ncbi,s3","gs.US,ncbi.public,s3.us-east-1",1m,ocean biome,ocean,water,SRX2937216,uncalculated,uncalculated,"Atlantic Ocean: Sargasso Sea\, BATS",NextSeq 550,"sample S0573\, cruise BATS184\, 1 m depth",31.66 N 64.16 W,S0573,PAIRED,RANDOM,METAGENOMIC,marine metagenome,ILLUMINA,2018-05-01T00:00:00Z,S0573,SRP109831
SRR5720339,WGS,300,11939776200,PRJNA385855,SAMN07137071,"MIMS.me,MIGS/MIMS/MIMARKS.water",1018400408,5150225296,MIT,2004-01-27,public,BATS184,"fastq,sra","gs,ncbi,s3","gs.US,ncbi.public,s3.us-east-1",40m,ocean biome,ocean,water,SRX2937215,uncalculated,uncalculated,"Atlantic Ocean: Sargasso Sea\, BATS",NextSeq 550,"sample S0574\, cruise BATS184\, 40 m depth",31.66 N 64.16 W,S0574,PAIRED,RANDOM,METAGENOMIC,marine metagenome,ILLUMINA,2018-05-01T00:00:00Z,S0574,SRP109831
SRR5720340,WGS,300,6810924900,PRJNA385855,SAMN07137068,"MIMS.me,MIGS/MIMS/MIMARKS.water",1018100406,3040213513,MIT,2003-10-07,public,BATS181,"fastq,sra","gs,ncbi,s3","gs.US,ncbi.public,s3.us-east-1",80m,ocean biome,ocean,water,SRX2937214,uncalculated,uncalculated,"Atlantic Ocean: Sargasso Sea\, BATS",NextSeq 550,"sample S0571\, cruise BATS181\, 80 m depth",31.66 N 64.16 W,S0571,PAIRED,RANDOM,METAGENOMIC,marine metagenome,ILLUMINA,2018-05-01T00:00:00Z,S0571,SRP109831
SRR5720342,WGS,300,9456878700,PRJNA385855,SAMN07137076,"MIMS.me,MIGS/MIMS/MIMARKS.water",1019500401,4085075170,MIT,2004-12-08,public,BATS195,"fastq,sra","gs,ncbi,s3","gs.US,ncbi.public,s3.us-east-1",1m,ocean biome,ocean,water,SRX2937212,uncalculated,uncalculated,"Atlantic Ocean: Sargasso Sea\, BATS",NextSeq 550,"sample S0579\, cruise BATS195\, 1 m depth",31.66 N 64.16 W,S0579,PAIRED,RANDOM,METAGENOMIC,marine metagenome,ILLUMINA,2018-05-01T00:00:00Z,S0579,SRP109831
SRR5720343,WGS,300,8656897800,PRJNA385855,SAMN07137077,"MIMS.me,MIGS/MIMS/MIMARKS.water",1019500407,3817408991,MIT,2004-12-08,public,BATS195,"fastq,sra","gs,ncbi,s3","gs.US,ncbi.public,s3.us-east-1",100m,ocean biome,ocean,water,SRX2937211,uncalculated,uncalculated,"Atlantic Ocean: Sargasso Sea\, BATS",NextSeq 550,"sample S0580\, cruise BATS195\, 100 m depth",31.66 N 64.16 W,S0580,PAIRED,RANDOM,METAGENOMIC,marine metagenome,ILLUMINA,2018-05-01T00:00:00Z,S0580,SRP109831
SRR5720344,WGS,300,6974723400,PRJNA385855,SAMN07137096,"MIMS.me,MIGS/MIMS/MIMARKS.water",1019200511,3107568945,MIT,2004-09-14,public,BATS192,"fastq,sra","gs,ncbi,s3","gs.US,ncbi.public,s3.us-east-1",180m,ocean biome,ocean,water,SRX2937210,uncalculated,uncalculated,"Atlantic Ocean: Sargasso Sea\, BATS",NextSeq 550,"sample S0599\, cruise BATS192\, 180 m depth",31.66 N 64.16 W,S0599,PAIRED,RANDOM,METAGENOMIC,marine metagenome,ILLUMINA,2018-05-01T00:00:00Z,S0599,SRP109831
